,precision,recall,f1-score,support
Real,0.753199268738574,0.824,0.7870105062082139,500.0
Full-Synthetic,0.9557692307692308,0.994,0.9745098039215686,500.0
Tampered,0.8267898383371824,0.716,0.767416934619507,500.0
accuracy,0.8446666666666667,0.8446666666666667,0.8446666666666667,0.8446666666666667
macro avg,0.8452527792816625,0.8446666666666666,0.8429790815830964,1500.0
weighted avg,0.8452527792816624,0.8446666666666667,0.8429790815830965,1500.0
