,precision,recall,f1-score,support
Real,0.6492307692307693,0.844,0.7339130434782609,750.0
Fake,0.7771428571428571,0.544,0.64,750.0
accuracy,0.694,0.694,0.694,0.694
macro avg,0.7131868131868132,0.694,0.6869565217391305,1500.0
weighted avg,0.7131868131868132,0.694,0.6869565217391305,1500.0
