,precision,recall,f1-score,support
Real,0.5268214571657326,0.8773333333333333,0.6583291645822912,750.0
Fake,0.6334661354581673,0.212,0.3176823176823177,750.0
accuracy,0.5446666666666666,0.5446666666666666,0.5446666666666666,0.5446666666666666
macro avg,0.58014379631195,0.5446666666666666,0.48800574113230444,1500.0
weighted avg,0.58014379631195,0.5446666666666666,0.48800574113230444,1500.0
