{
  "experiment_name": "image_1e-4",
  "model_family": "image",
  "evaluation_type": "cross_domain_image_model_on_video_test_set",
  "input_domain": "canonical_video_test_set",
  "video_split_file": "/content/drive/MyDrive/skripsi/shared_splits/video_split.csv",
  "checkpoint_used": "/content/drive/MyDrive/skripsi/experiments/image_1e-4/checkpoints/best.pth",
  "num_samples": 1500,
  "processed_samples": 1500,
  "failed_samples": 0,
  "accuracy": 0.5446666666666666,
  "precision": 0.58014379631195,
  "recall": 0.5446666666666666,
  "f1": 0.48800574113230444,
  "precision_weighted": 0.58014379631195,
  "recall_weighted": 0.5446666666666666,
  "f1_weighted": 0.48800574113230444,
  "total_processing_time_ms": 2410110.382264,
  "mean_batch_latency_ms": 1606.7402548426667,
  "mean_sample_latency_ms": 1606.7402548426667,
  "mean_latency_ms_per_video": 1606.7402548426667,
  "throughput_sample_per_sec": 0.6223781329844885,
  "cpu_memory_delta_mb": 173.29296875,
  "gpu_peak_allocated_mb": 377.869140625,
  "gpu_peak_reserved_mb": 442.0
}