{
  "experiment_name": "image_1e-4",
  "model_family": "image",
  "evaluation_type": "image_test_set_3class",
  "input_domain": "image_test_set",
  "image_split_file": "/content/drive/MyDrive/skripsi/shared_splits/image_split.csv",
  "checkpoint_used": "/content/drive/MyDrive/skripsi/experiments/image_1e-4/checkpoints/best.pth",
  "num_samples": 1500,
  "processed_samples": 1500,
  "failed_samples": 0,
  "accuracy": 0.8446666666666667,
  "precision": 0.8452527792816624,
  "recall": 0.8446666666666667,
  "f1": 0.8429790815830965,
  "precision_weighted": 0.8452527792816624,
  "recall_weighted": 0.8446666666666667,
  "f1_weighted": 0.8429790815830965,
  "total_processing_time_ms": 532146.1998960003,
  "mean_batch_latency_ms": 11.380296659673208,
  "mean_sample_latency_ms": 354.76413326400024,
  "throughput_sample_per_sec": 2.8187742396603634,
  "cpu_memory_delta_mb": 6.91015625,
  "gpu_peak_allocated_mb": 568.21044921875,
  "gpu_peak_reserved_mb": 688.0
}