{
  "train_loss": [
    0.7747475781125021,
    0.5508540475477367,
    0.4822154823503538,
    0.43358989869622877,
    0.38791834593635716,
    0.34749773450910226,
    0.30621559502871615
  ],
  "train_acc": [
    65.21428571428571,
    79.5,
    84.47142857142858,
    87.4,
    89.75714285714285,
    92.07142857142857,
    93.98571428571428
  ],
  "val_loss": [
    0.5921760429727271,
    0.49958881482164913,
    0.4839685318317819,
    0.49035368701244925,
    0.5033237483907254,
    0.5179062897854663,
    0.5591777258730949
  ],
  "val_acc": [
    77.33333333333333,
    83.33333333333333,
    83.66666666666667,
    85.4,
    84.53333333333333,
    84.33333333333333,
    84.13333333333334
  ],
  "val_f1": [
    0.7641183022162302,
    0.8310196617809007,
    0.8345169678578164,
    0.8526024416207408,
    0.8431724537470963,
    0.8417115378556653,
    0.8395584480921796
  ],
  "lr": [
    0.0001,
    0.0001,
    0.0001,
    0.0001,
    0.0001,
    0.0001,
    0.0001
  ]
}