{
  "train_losses": [
    1.2403289147785732,
    0.7530491337094988,
    0.5669939848908356,
    0.4660504485123924,
    0.3742573669888079
  ],
  "train_accuracies": [
    0.7387142857142858,
    0.8324285714285714,
    0.873,
    0.9057142857142857,
    0.9225714285714286
  ],
  "val_losses": [
    0.7319931510756624,
    0.4382856053082233,
    0.362416301214909,
    0.33405338392092626,
    0.2578215558094869
  ],
  "val_accuracies": [
    0.8543882978723404,
    0.9162234042553191,
    0.9408244680851063,
    0.9408244680851063,
    0.9654255319148937
  ],
  "val_f1_scores": [
    0.8385185185185186,
    0.9128630705394191,
    0.9395790902919212,
    0.9417989417989417,
    0.9655638082376773
  ]
}