{
  "experiment_name": "video_1e-4",
  "model_family": "video",
  "input_domain": "video_test_set",
  "checkpoint_used": "/content/drive/MyDrive/skripsi/experiments/video_1e-4/checkpoints/best.pth",
  "num_samples": 1500,
  "processed_samples": 1500,
  "failed_samples": 0,
  "success_rate": 1.0,
  "accuracy": 0.9593333333333334,
  "precision": 0.9593406827842579,
  "recall": 0.9593333333333334,
  "f1": 0.959333170666016,
  "precision_weighted": 0.9593406827842579,
  "recall_weighted": 0.9593333333333334,
  "f1_weighted": 0.959333170666016,
  "total_processing_time_ms": 955290.2010800026,
  "mean_batch_latency_ms": 14.766072281979197,
  "mean_sample_latency_ms": 636.8601340533351,
  "throughput_sample_per_sec": 1.5702034819410648,
  "mean_confidence": 0.9739202473958334,
  "std_confidence": 0.07402347100473237,
  "cpu_memory_before_mb": 6605.21875,
  "cpu_memory_after_mb": 6751.89453125,
  "cpu_memory_delta_mb": 146.67578125,
  "gpu_peak_allocated_mb": 920.62841796875,
  "gpu_peak_reserved_mb": 1270.0
}