{
  "experiment_name": "video_1e-4",
  "model_family": "video",
  "input_domain": "image_test_set",
  "checkpoint_used": "/content/drive/MyDrive/skripsi/experiments/video_1e-4/checkpoints/best.pth",
  "num_samples": 1000,
  "processed_samples": 1000,
  "failed_samples": 0,
  "success_rate": 1.0,
  "accuracy": 0.543,
  "precision": 0.6056251535249325,
  "recall": 0.543,
  "f1": 0.4634733350943617,
  "precision_weighted": 0.6056251535249325,
  "recall_weighted": 0.543,
  "f1_weighted": 0.4634733350943617,
  "total_processing_time_ms": 791555.760236999,
  "mean_batch_latency_ms": 790.915877419091,
  "mean_sample_latency_ms": 791.555760236999,
  "throughput_sample_per_sec": 1.2633348782663028,
  "mean_confidence": 0.942989232301712,
  "std_confidence": 0.11593246233707609,
  "cpu_memory_before_mb": 6706.40625,
  "cpu_memory_after_mb": 6712.44140625,
  "cpu_memory_delta_mb": 6.03515625,
  "gpu_peak_allocated_mb": 233.62548828125,
  "gpu_peak_reserved_mb": 292.0,
  "cross_domain_test": "video_model_on_image_test_set",
  "num_image_samples": 1000
}