,precision,recall,f1-score,support
Real,0.9173913043478261,0.5626666666666666,0.6975206611570248,750.0
Fake,0.6846153846153846,0.9493333333333334,0.7955307262569833,750.0
accuracy,0.756,0.756,0.756,0.756
macro avg,0.8010033444816054,0.756,0.7465256937070041,1500.0
weighted avg,0.8010033444816054,0.756,0.7465256937070041,1500.0
