,precision,recall,f1-score,support
Real,0.6869565217391305,0.158,0.25691056910569104,500.0
Fake,0.5242937853107345,0.928,0.6700361010830325,500.0
accuracy,0.543,0.543,0.543,0.543
macro avg,0.6056251535249324,0.543,0.4634733350943617,1000.0
weighted avg,0.6056251535249325,0.543,0.4634733350943617,1000.0
