model,backbone,params_M,val_f1,val_acc,binary_f1,binary_acc,best_epoch,training_time_min
EfficientNet-B0,efficientnet_b0,5.85,0.8566330488757187,85.8,0.896551724137931,86.4,7,15.78
ResNet-50,resnet50,26.14,0.854226924715,85.53333333333333,0.8985791278784909,86.2,14,22.98
EfficientNet-B4,efficientnet_b4,19.91,0.841642723350226,84.33333333333334,0.8909626719056974,85.2,6,68.65
