model,backbone,params_M,val_f1,val_acc,val_precision,val_recall,best_epoch,training_time_min
MobileNetV2,mobilenet_v2,2.88,0.9547270306258322,95.46666666666667,0.9534574468085106,0.956,5,363.05
MobileNetV3-Small,mobilenet_v3_small,1.23,0.8462603878116344,85.2,0.8804034582132565,0.8146666666666667,4,317.15
ShuffleNetV2,shufflenet_v2_x1_0,1.78,0.8177710843373494,83.86666666666667,0.9394463667820069,0.724,5,315.5
