,precision,recall,f1-score,support
Real,0.8736616702355461,0.816,0.843846949327818,500.0
Fake,0.8273921200750469,0.882,0.8538238141335914,500.0
accuracy,0.849,0.849,0.849,0.849
macro avg,0.8505268951552964,0.849,0.8488353817307047,1000.0
weighted avg,0.8505268951552966,0.849,0.8488353817307047,1000.0
