,precision,recall,f1-score,support
Real,0.9202200825309491,0.892,0.9058903182125931,750.0
Fake,0.8952134540750324,0.9226666666666666,0.9087327642810243,750.0
accuracy,0.9073333333333333,0.9073333333333333,0.9073333333333333,0.9073333333333333
macro avg,0.9077167683029908,0.9073333333333333,0.9073115412468087,1500.0
weighted avg,0.9077167683029909,0.9073333333333333,0.9073115412468087,1500.0
