,precision,recall,f1-score,support
Real,0.9575033200531209,0.9613333333333334,0.959414504324684,750.0
Fake,0.9611780455153949,0.9573333333333334,0.9592518370073481,750.0
accuracy,0.9593333333333334,0.9593333333333334,0.9593333333333334,0.9593333333333334
macro avg,0.9593406827842579,0.9593333333333334,0.959333170666016,1500.0
weighted avg,0.9593406827842579,0.9593333333333334,0.959333170666016,1500.0
